title|content|date_created|user_id|author
dignissim tempor arcu. Vestibulum ut eros|enim, condimentum eget, volutpat ornare, facilisis eget, ipsum. Donec sollicitudin|2018-03-31 16:00:08|2|Demetria X. Tran
adipiscing elit. Aliquam auctor, velit eget|dui quis accumsan convallis, ante lectus convallis est, vitae sodales|2017-02-10 11:54:35|3|Kaden F. Dorsey
interdum enim non nisi. Aenean eget|sit amet risus. Donec egestas. Aliquam nec enim. Nunc ut|2019-02-03 20:24:17|4|Garrison U. Fowler
ipsum porta elit, a feugiat tellus|facilisis lorem tristique aliquet. Phasellus fermentum convallis ligula. Donec luctus|2018-09-21 17:17:09|5|Jordan R. Koch
et ultrices posuere cubilia Curae; Donec|Nam nulla magna, malesuada vel, convallis in, cursus et, eros.|2018-11-08 11:07:10|6|Brynn T. Maldonado
nec tempus mauris erat eget ipsum.|fermentum fermentum arcu. Vestibulum ante ipsum primis in faucibus orci|2017-12-22 17:42:27|7|Mikayla J. Swanson
Integer tincidunt aliquam arcu. Aliquam ultrices|erat nonummy ultricies ornare, elit elit fermentum risus, at fringilla|2017-08-01 16:53:36|8|Ulric Q. Woods
nunc. In at pede. Cras vulputate|ac, fermentum vel, mauris. Integer sem elit, pharetra ut, pharetra|2017-11-07 19:57:57|9|Vaughan U. Bird
enim. Mauris quis turpis vitae purus|neque pellentesque massa lobortis ultrices. Vivamus rhoncus. Donec est. Nunc|2019-01-18 07:37:17|10|Nyssa E. Weeks
aliquet, metus urna convallis erat, eget|dis parturient montes, nascetur ridiculus mus. Donec dignissim magna a|2018-10-03 07:51:39|11|Armand C. Stanton
Maecenas iaculis aliquet diam. Sed diam|nunc, ullamcorper eu, euismod ac, fermentum vel, mauris. Integer sem|2018-11-19 22:14:51|12|Gage I. Morse
ligula tortor, dictum eu, placerat eget,|tellus sem mollis dui, in sodales elit erat vitae risus.|2017-03-01 06:58:06|13|Cara I. Meyers
Cras pellentesque. Sed dictum. Proin eget|Suspendisse dui. Fusce diam nunc, ullamcorper eu, euismod ac, fermentum|2017-10-28 14:55:14|14|Joy G. Randall
Etiam vestibulum massa rutrum magna. Cras|egestas a, dui. Cras pellentesque. Sed dictum. Proin eget odio.|2017-05-09 22:21:34|15|Igor S. Holcomb
non dui nec urna suscipit nonummy.|sem ut dolor dapibus gravida. Aliquam tincidunt, nunc ac mattis|2017-08-19 09:31:37|16|Nicholas Y. Gonzalez
dapibus ligula. Aliquam erat volutpat. Nulla|Nunc lectus pede, ultrices a, auctor non, feugiat nec, diam.|2019-01-06 04:57:10|17|Hammett W. Golden
Nullam lobortis quam a felis ullamcorper|et ultrices posuere cubilia Curae; Phasellus ornare. Fusce mollis. Duis|2018-07-16 12:49:04|18|Levi H. Singleton
Nulla eget metus eu erat semper|lorem vitae odio sagittis semper. Nam tempor diam dictum sapien.|2017-12-28 05:52:55|19|Sophia Y. Moran
dui. Fusce diam nunc, ullamcorper eu,|nonummy ultricies ornare, elit elit fermentum risus, at fringilla purus|2017-10-23 07:01:50|20|Shelby M. Austin
lacinia. Sed congue, elit sed consequat|lacus. Nulla tincidunt, neque vitae semper egestas, urna justo faucibus|2019-01-13 00:23:49|21|Burton P. Mejia
Nullam nisl. Maecenas malesuada fringilla est.|urna. Vivamus molestie dapibus ligula. Aliquam erat volutpat. Nulla dignissim.|2018-04-05 21:09:35|22|Cherokee E. Holmes
urna. Ut tincidunt vehicula risus. Nulla|magna. Phasellus dolor elit, pellentesque a, facilisis non, bibendum sed,|2017-12-20 08:21:10|23|Lawrence V. Bush
ultrices. Duis volutpat nunc sit amet|aliquet. Phasellus fermentum convallis ligula. Donec luctus aliquet odio. Etiam|2018-09-06 02:58:14|24|Nathaniel D. Norris
et pede. Nunc sed orci lobortis|a ultricies adipiscing, enim mi tempor lorem, eget mollis lectus|2018-01-10 00:35:55|25|Kay O. Jennings
laoreet lectus quis massa. Mauris vestibulum,|nisi magna sed dui. Fusce aliquam, enim nec tempus scelerisque,|2018-05-23 14:37:48|26|Burton I. Ochoa
nulla. Integer vulputate, risus a ultricies|nisi a odio semper cursus. Integer mollis. Integer tincidunt aliquam|2018-06-23 16:05:50|27|Avram X. Acosta
purus sapien, gravida non, sollicitudin a,|mauris sit amet lorem semper auctor. Mauris vel turpis. Aliquam|2017-02-26 05:10:34|28|Yael Z. Morrow
id, mollis nec, cursus a, enim.|et, rutrum non, hendrerit id, ante. Nunc mauris sapien, cursus|2019-01-24 12:21:55|29|Geraldine L. Whitney
Pellentesque habitant morbi tristique senectus et|pharetra. Quisque ac libero nec ligula consectetuer rhoncus. Nullam velit|2018-04-06 20:28:18|30|Kalia M. Parrish
porttitor tellus non magna. Nam ligula|Mauris ut quam vel sapien imperdiet ornare. In faucibus. Morbi|2017-04-03 09:20:18|31|Brennan H. Powell
faucibus orci luctus et ultrices posuere|risus. Duis a mi fringilla mi lacinia mattis. Integer eu|2018-03-08 02:31:39|32|Nasim C. Hodges
Sed congue, elit sed consequat auctor,|eget, dictum placerat, augue. Sed molestie. Sed id risus quis|2018-08-23 19:48:54|33|Mira W. Livingston
lacus. Quisque imperdiet, erat nonummy ultricies|rhoncus id, mollis nec, cursus a, enim. Suspendisse aliquet, sem|2017-05-29 13:33:09|34|Julie E. Trujillo
vel quam dignissim pharetra. Nam ac|Donec egestas. Aliquam nec enim. Nunc ut erat. Sed nunc|2017-10-07 14:11:16|35|Abigail T. Slater
a nunc. In at pede. Cras|ipsum. Donec sollicitudin adipiscing ligula. Aenean gravida nunc sed pede.|2018-09-09 02:28:56|36|Hedley M. Walker
nec, imperdiet nec, leo. Morbi neque|interdum. Sed auctor odio a purus. Duis elementum, dui quis|2018-12-13 06:29:17|37|Taylor K. Oliver
mollis. Duis sit amet diam eu|sem elit, pharetra ut, pharetra sed, hendrerit a, arcu. Sed|2017-07-11 03:59:11|38|Myra A. Finch
orci sem eget massa. Suspendisse eleifend.|Duis elementum, dui quis accumsan convallis, ante lectus convallis est,|2018-01-19 08:59:03|39|Stacy M. Murray
nec metus facilisis lorem tristique aliquet.|posuere vulputate, lacus. Cras interdum. Nunc sollicitudin commodo ipsum. Suspendisse|2018-04-24 10:38:32|40|Julie I. Bennett
lorem, auctor quis, tristique ac, eleifend|orci. Donec nibh. Quisque nonummy ipsum non arcu. Vivamus sit|2017-04-08 22:22:08|41|Maisie J. Clay
Pellentesque habitant morbi tristique senectus et|quis lectus. Nullam suscipit, est ac facilisis facilisis, magna tellus|2018-08-29 14:05:07|42|Melinda K. Downs
neque sed sem egestas blandit. Nam|mauris id sapien. Cras dolor dolor, tempus non, lacinia at,|2017-05-23 23:47:09|43|Geraldine B. Wise
Phasellus libero mauris, aliquam eu, accumsan|fames ac turpis egestas. Fusce aliquet magna a neque. Nullam|2018-02-23 23:58:00|44|Vanna E. Atkinson
Donec non justo. Proin non massa|Proin vel nisl. Quisque fringilla euismod enim. Etiam gravida molestie|2018-10-15 00:46:51|45|Talon P. May
aliquet magna a neque. Nullam ut|velit. Quisque varius. Nam porttitor scelerisque neque. Nullam nisl. Maecenas|2018-03-16 17:38:39|46|Amela F. Forbes
Fusce fermentum fermentum arcu. Vestibulum ante|risus. Donec nibh enim, gravida sit amet, dapibus id, blandit|2018-12-02 12:33:51|47|Demetria K. Sexton
libero mauris, aliquam eu, accumsan sed,|aliquet molestie tellus. Aenean egestas hendrerit neque. In ornare sagittis|2017-03-01 05:16:14|48|Genevieve X. Poole
dis parturient montes, nascetur ridiculus mus.|Quisque libero lacus, varius et, euismod et, commodo at, libero.|2017-04-08 06:07:45|49|Leo W. Watts
Vestibulum ante ipsum primis in faucibus|tellus, imperdiet non, vestibulum nec, euismod in, dolor. Fusce feugiat.|2018-02-14 09:45:32|50|Ila Z. Tillman
In mi pede, nonummy ut, molestie|arcu ac orci. Ut semper pretium neque. Morbi quis urna.|2017-05-30 04:06:21|51|Amaya G. Frederick
volutpat. Nulla facilisis. Suspendisse commodo tincidunt|Vestibulum ante ipsum primis in faucibus orci luctus et ultrices|2017-07-30 14:27:24|52|Chaney T. Henderson
eu, eleifend nec, malesuada ut, sem.|Nulla dignissim. Maecenas ornare egestas ligula. Nullam feugiat placerat velit.|2018-08-07 18:36:25|53|Arthur B. Park
Morbi sit amet massa. Quisque porttitor|interdum. Curabitur dictum. Phasellus in felis. Nulla tempor augue ac|2017-10-24 10:39:00|54|Carson M. Vaughan
mi, ac mattis velit justo nec|id ante dictum cursus. Nunc mauris elit, dictum eu, eleifend|2018-03-12 09:44:36|55|Zachery I. Wolfe
gravida sit amet, dapibus id, blandit|nec luctus felis purus ac tellus. Suspendisse sed dolor. Fusce|2017-09-29 08:39:48|56|Renee M. Prince
vitae, sodales at, velit. Pellentesque ultricies|augue ut lacus. Nulla tincidunt, neque vitae semper egestas, urna|2018-03-09 15:50:20|57|Mark U. Whitley
quis accumsan convallis, ante lectus convallis|nulla. Cras eu tellus eu augue porttitor interdum. Sed auctor|2017-10-19 20:16:14|58|Winifred E. Clayton
Phasellus at augue id ante dictum|Duis volutpat nunc sit amet metus. Aliquam erat volutpat. Nulla|2018-07-03 07:11:25|59|Sophia U. Buckley
sagittis. Duis gravida. Praesent eu nulla|quam. Curabitur vel lectus. Cum sociis natoque penatibus et magnis|2017-05-31 07:21:19|60|Daria Z. Nunez
feugiat. Lorem ipsum dolor sit amet,|luctus, ipsum leo elementum sem, vitae aliquam eros turpis non|2018-06-08 23:55:14|61|Anne L. Harris
Cras vehicula aliquet libero. Integer in|Duis at lacus. Quisque purus sapien, gravida non, sollicitudin a,|2018-07-28 11:58:19|62|Dorian V. Roberson
interdum. Curabitur dictum. Phasellus in felis.|Nam nulla magna, malesuada vel, convallis in, cursus et, eros.|2018-04-01 14:10:55|63|Addison E. Goff
sit amet, faucibus ut, nulla. Cras|Nam porttitor scelerisque neque. Nullam nisl. Maecenas malesuada fringilla est.|2017-09-05 03:22:49|64|Jack K. Chandler
et tristique pellentesque, tellus sem mollis|lorem. Donec elementum, lorem ut aliquam iaculis, lacus pede sagittis|2018-11-23 15:24:52|65|Stewart I. Jensen
Duis elementum, dui quis accumsan convallis,|dolor vitae dolor. Donec fringilla. Donec feugiat metus sit amet|2017-06-04 20:11:16|66|Amethyst W. Hinton
massa rutrum magna. Cras convallis convallis|accumsan sed, facilisis vitae, orci. Phasellus dapibus quam quis diam.|2017-10-16 15:43:12|67|Harding U. King
nisl. Nulla eu neque pellentesque massa|purus gravida sagittis. Duis gravida. Praesent eu nulla at sem|2017-08-02 14:40:40|68|Zelenia M. Allen
quam. Curabitur vel lectus. Cum sociis|Donec nibh enim, gravida sit amet, dapibus id, blandit at,|2018-03-17 20:53:25|69|Zenia J. Wooten
consequat purus. Maecenas libero est, congue|eu tellus eu augue porttitor interdum. Sed auctor odio a|2018-11-13 14:01:18|70|Brent D. Berg
placerat velit. Quisque varius. Nam porttitor|ultricies ligula. Nullam enim. Sed nulla ante, iaculis nec, eleifend|2017-06-23 15:34:15|71|Claire W. Henderson
odio. Aliquam vulputate ullamcorper magna. Sed|montes, nascetur ridiculus mus. Proin vel nisl. Quisque fringilla euismod|2017-10-02 05:33:41|72|Emerald W. Talley
ante ipsum primis in faucibus orci|Ut semper pretium neque. Morbi quis urna. Nunc quis arcu|2017-06-28 22:16:43|73|Erica N. Haney
luctus et ultrices posuere cubilia Curae;|elit. Aliquam auctor, velit eget laoreet posuere, enim nisl elementum|2017-08-05 00:01:07|74|Clinton V. Mendoza
volutpat ornare, facilisis eget, ipsum. Donec|vel, venenatis vel, faucibus id, libero. Donec consectetuer mauris id|2017-12-01 22:14:52|75|Tatyana E. Potter
eget, volutpat ornare, facilisis eget, ipsum.|ut, pharetra sed, hendrerit a, arcu. Sed et libero. Proin|2018-11-04 21:46:47|76|Jonas J. Mcintyre
Nunc pulvinar arcu et pede. Nunc|dictum eu, placerat eget, venenatis a, magna. Lorem ipsum dolor|2018-08-05 13:51:10|77|Cassidy T. Conley
massa lobortis ultrices. Vivamus rhoncus. Donec|nulla at sem molestie sodales. Mauris blandit enim consequat purus.|2018-12-21 12:35:51|78|Flavia T. Cortez
cursus luctus, ipsum leo elementum sem,|at pede. Cras vulputate velit eu sem. Pellentesque ut ipsum|2018-03-10 00:23:54|79|Mariam Y. Contreras
dolor dolor, tempus non, lacinia at,|tellus. Aenean egestas hendrerit neque. In ornare sagittis felis. Donec|2018-04-17 11:14:03|80|Brielle C. Gaines
nibh enim, gravida sit amet, dapibus|nibh sit amet orci. Ut sagittis lobortis mauris. Suspendisse aliquet|2018-05-19 08:29:45|81|Larissa V. Prince
Donec at arcu. Vestibulum ante ipsum|tempor, est ac mattis semper, dui lectus rutrum urna, nec|2018-09-10 19:14:40|82|Rina D. Underwood
risus. Morbi metus. Vivamus euismod urna.|mauris, rhoncus id, mollis nec, cursus a, enim. Suspendisse aliquet,|2017-09-29 15:29:16|83|Olga I. Wooten
dictum cursus. Nunc mauris elit, dictum|Sed nunc est, mollis non, cursus non, egestas a, dui.|2018-12-03 09:09:35|84|Cain N. Haney
at augue id ante dictum cursus.|Vivamus nibh dolor, nonummy ac, feugiat non, lobortis quis, pede.|2018-01-03 01:51:05|85|Neil I. Monroe
ornare tortor at risus. Nunc ac|sem. Pellentesque ut ipsum ac mi eleifend egestas. Sed pharetra,|2017-12-18 16:50:10|86|Ethan P. Flynn
elementum, lorem ut aliquam iaculis, lacus|eget metus eu erat semper rutrum. Fusce dolor quam, elementum|2018-10-15 12:44:51|87|Pamela A. Poole
imperdiet ornare. In faucibus. Morbi vehicula.|neque pellentesque massa lobortis ultrices. Vivamus rhoncus. Donec est. Nunc|2017-12-08 03:55:21|88|Sawyer K. Wong
fringilla purus mauris a nunc. In|Aliquam adipiscing lobortis risus. In mi pede, nonummy ut, molestie|2017-09-28 22:57:30|89|Vernon U. Foster
rutrum eu, ultrices sit amet, risus.|Vivamus non lorem vitae odio sagittis semper. Nam tempor diam|2017-03-01 10:43:02|90|Herman V. Sykes
egestas blandit. Nam nulla magna, malesuada|Sed nec metus facilisis lorem tristique aliquet. Phasellus fermentum convallis|2018-01-07 18:15:38|91|Yoshi G. Douglas
sit amet diam eu dolor egestas|metus. In nec orci. Donec nibh. Quisque nonummy ipsum non|2017-05-08 01:31:53|92|Imelda I. Gamble
mauris blandit mattis. Cras eget nisi|sed sem egestas blandit. Nam nulla magna, malesuada vel, convallis|2018-12-23 02:56:26|93|Graiden Y. Wilcox
accumsan sed, facilisis vitae, orci. Phasellus|tellus faucibus leo, in lobortis tellus justo sit amet nulla.|2017-03-05 09:53:37|94|Jerry Q. Hyde
et tristique pellentesque, tellus sem mollis|justo. Proin non massa non ante bibendum ullamcorper. Duis cursus,|2017-05-17 08:14:59|95|Gretchen L. Brewer
lorem, auctor quis, tristique ac, eleifend|Donec nibh enim, gravida sit amet, dapibus id, blandit at,|2018-12-07 19:50:04|96|Uriel N. York
posuere cubilia Curae; Donec tincidunt. Donec|eget mollis lectus pede et risus. Quisque libero lacus, varius|2017-04-28 18:25:13|97|Sade X. Boyle
sed libero. Proin sed turpis nec|at, nisi. Cum sociis natoque penatibus et magnis dis parturient|2018-12-02 05:26:38|98|Edan U. Dyer
Nunc ac sem ut dolor dapibus|vitae, posuere at, velit. Cras lorem lorem, luctus ut, pellentesque|2019-01-08 10:50:42|99|Luke H. Sanchez
ut, molestie in, tempus eu, ligula.|enim. Sed nulla ante, iaculis nec, eleifend non, dapibus rutrum,|2017-04-23 05:20:21|100|Cara H. Clark
penatibus et magnis dis parturient montes,|volutpat. Nulla facilisis. Suspendisse commodo tincidunt nibh. Phasellus nulla. Integer|2018-12-09 17:32:48|101|Conan V. Oneal
