full_name|email|password|date_created
Bertha B. Hooper|orci@antedictummi.edu|GVW68LRN6ML|Feb 4, 2019
Madeson C. Franks|imperdiet.ullamcorper.Duis@Donec.net|BZT24SUE2IS|Oct 16, 2018
Hunter Q. Hobbs|vulputate@scelerisquenequeNullam.edu|OIA50BWO5UQ|Nov 13, 2018
Urielle O. Dunlap|luctus@tellus.org|ATC46ILA7TN|May 28, 2017
Kevin R. Gay|porta@Aliquam.co.uk|KOT82CFH8TR|Apr 9, 2017
Portia Q. Green|gravida@eutellusPhasellus.edu|MJX31PQP3WX|Mar 3, 2017
Yvonne U. Sykes|non.quam@egetmassaSuspendisse.edu|JYW57SEO5YT|Nov 9, 2018
Kalia G. Barry|erat.eget@turpisIncondimentum.ca|JWT05LBT4CE|May 1, 2017
Alexandra Y. Patel|diam@Aliquam.org|LEA78DPA2UR|Jan 7, 2018
Hu V. Myers|tincidunt@utsemNulla.org|OQK03GHO1ES|Dec 7, 2017
Shad X. Paul|id@elementumlorem.org|SQK41QWJ7HP|Mar 29, 2017
Melodie S. Gilliam|sollicitudin.adipiscing@Fuscediamnunc.com|CCY07OOM9RI|Oct 11, 2017
Tarik U. Bennett|Curabitur@massanonante.co.uk|AVO83XMG2LY|Oct 9, 2017
Alice M. Saunders|Pellentesque@rutrum.org|DVL45IZC8AF|Jul 19, 2018
Rae A. York|eu@dolor.ca|WLQ86HGP2MY|Apr 28, 2018
Kato W. Travis|nec.imperdiet@Cras.com|SXS67WFE2OJ|Dec 31, 2017
Willow F. Rivera|congue.elit@acsemut.ca|OJG44LMM8FB|Mar 15, 2018
Samantha L. Mckee|tempor.arcu.Vestibulum@Nuncmauris.co.uk|JVF46BIQ2AQ|Jun 20, 2017
Chelsea Q. Dennis|adipiscing@mifelis.co.uk|YFR50MOI5EO|Sep 30, 2017
Hadassah E. Harris|ac.fermentum.vel@dui.ca|LFI69CDT3CI|May 31, 2017
Colton N. Blevins|Ut@elementumdui.net|XJH24SDF1PK|Dec 17, 2017
Ivan I. Lawson|Donec@eunibh.edu|TZS25YLS7JP|Mar 5, 2017
Buckminster F. Lindsay|accumsan@nulla.co.uk|DFC82YHK7GI|Jan 2, 2018
Shea F. Knapp|eleifend.non@varius.ca|UFD94XGQ5ME|Aug 2, 2018
Hilel O. Whitaker|felis@sitamet.co.uk|KAI14TRO1IX|Jul 19, 2018
Josiah Y. Cunningham|Nunc.ullamcorper.velit@lorem.co.uk|FMG36CRU1YX|Feb 1, 2018
Allistair X. Elliott|cursus.Nunc.mauris@fermentum.edu|SOT49ZVF7HR|Sep 11, 2018
Chava D. Elliott|Aenean@turpisIn.edu|AUZ77RNR1LW|Sep 4, 2017
Tatiana B. Small|sem.eget@et.ca|GGN26SXJ5MJ|Jul 31, 2017
Malachi K. Downs|sapien@loremDonecelementum.co.uk|IGB44FGY6MD|Sep 30, 2017
Hyatt P. Rice|parturient.montes@CuraeDonectincidunt.org|TJF47CME5GU|Sep 30, 2018
David L. Hull|scelerisque@Quisque.ca|IXH56KCK2VM|Dec 6, 2017
Claire X. Rush|non@mifringillami.net|ZFS76EBR4EQ|Jun 13, 2017
Melinda G. Carson|dictum.Phasellus.in@nequeInornare.ca|JAF71PCX8QS|Sep 1, 2017
Morgan B. Cummings|purus@egestasDuis.co.uk|PQM28LGI4OS|May 17, 2017
Chandler B. Craig|ut.erat.Sed@mollisnec.net|RGJ22OOA6DI|Apr 13, 2017
Christopher X. Murphy|dictum.mi@idblandit.edu|XBJ52MOG6SK|Jan 24, 2018
Orli K. Murray|Sed.nec.metus@Curabitursedtortor.com|OHZ41RBD5HA|Mar 11, 2018
Vladimir F. Green|mattis@amet.ca|MWC59PUP9XW|Aug 25, 2018
Myles W. Leblanc|nonummy.ipsum.non@metus.org|JNU59MUB4DF|Mar 10, 2018
Cameron A. Oliver|nec.leo@magnaLorem.org|NOK96ETJ5IK|Sep 24, 2018
Audrey B. Barnes|ultrices.posuere.cubilia@iaculis.co.uk|YSV05EGD8LC|Sep 3, 2017
Bradley E. Lindsay|aliquet@euligulaAenean.ca|FRG45LDL1LR|Feb 21, 2018
Abbot Y. Snider|risus.Nunc@rutrumFusce.com|JFN94ZAM9RB|Oct 19, 2018
Lael W. Caldwell|Sed.dictum@id.ca|RNN36UDQ4BI|Jul 23, 2017
Chase T. Rocha|neque@Donec.org|XKN26VRM6JE|Mar 9, 2017
Alisa U. Burke|condimentum@cursusInteger.edu|RSS52RNX2OQ|Jul 10, 2018
Rashad P. Hatfield|ac.turpis.egestas@interdumlibero.com|RVB32CYI5BQ|Jan 21, 2018
Walker X. Dickson|nec.diam.Duis@elitEtiamlaoreet.co.uk|BFB41VJW2AC|Mar 22, 2018
Elaine V. Richards|a.dui@nectellusNunc.ca|ATO93IVT6DX|Jul 28, 2017
Hayfa W. Calderon|diam@ipsum.co.uk|MKZ18PLW2FE|Sep 19, 2017
Nyssa F. Kirk|facilisis.magna@orciluctuset.edu|JUL72MFM9ZF|Jan 23, 2018
Ariel I. Banks|velit.in.aliquet@est.net|DMT53FII0KM|Apr 25, 2018
Daniel Q. Ball|Nunc.mauris.sapien@Nuncac.edu|XBG59EDY4LE|Dec 15, 2018
Todd H. Reilly|aliquet.odio.Etiam@nulla.edu|IKR16POB7EH|Dec 28, 2017
Magee E. Luna|tempor.erat@temporestac.org|ZSY80PYY4CO|Apr 18, 2018
Wynne D. Benjamin|tortor@augue.ca|JWR44DVX7BA|Dec 6, 2018
Elton Q. Hull|ad.litora.torquent@natoque.ca|KQT34AAB7AM|Sep 23, 2017
Gemma H. Mccray|quis.turpis.vitae@nequeetnunc.net|DMN41GQK9TX|Apr 3, 2018
Haviva Y. Brennan|tincidunt.adipiscing.Mauris@tempor.com|GUO20UWC9HY|Jan 20, 2019
Devin J. Cole|dolor.quam@vitaenibh.com|VGW41BNH9BX|Nov 8, 2017
Jocelyn V. Willis|a.ultricies.adipiscing@IntegermollisInteger.co.uk|EQS05FJZ0KS|Sep 13, 2018
Olympia S. Good|hendrerit.consectetuer.cursus@ornareliberoat.edu|HCP08MAK7FB|Jun 8, 2017
Charlotte M. Hinton|Sed@arcu.ca|KGR79URP6ZZ|Jan 16, 2019
Sophia L. Carey|at.pede.Cras@Nuncuterat.edu|YIG42NTB0IU|Feb 1, 2019
Ryan T. Henderson|iaculis@sempertellusid.net|KTL37ZPV6FM|May 3, 2018
Willow A. Leach|at.nisi.Cum@lorem.co.uk|CIA64PTA1RP|Nov 16, 2017
Carson F. Davenport|augue.eu.tempor@auctor.co.uk|VWE11TTP8YW|Aug 3, 2017
Amery U. Mays|odio@pharetraNam.org|GSY25WES6HA|Nov 29, 2017
Walker A. Contreras|Etiam@eusemPellentesque.org|XYG33HKT6BY|Aug 20, 2017
Vladimir E. Russell|vitae.diam.Proin@adipiscingligulaAenean.com|DBQ28GCZ3BS|Oct 25, 2018
Doris A. Robbins|Sed@non.edu|IHT80ZAZ2QL|May 19, 2018
Brielle O. Odom|Integer@Vestibulum.ca|SOZ92TPA3ER|Jan 28, 2019
Jaden P. Cohen|urna@justo.net|VCR82WAL3GQ|Apr 6, 2017
Minerva E. Holland|imperdiet.erat.nonummy@amet.edu|ZXD30ITR1ZV|Nov 2, 2017
Maia Y. Mcconnell|a.felis.ullamcorper@turpisnecmauris.com|TTF57TOO6TO|Jul 3, 2017
Murphy U. Mason|turpis.egestas@orci.co.uk|GWX68LAW5SB|May 20, 2018
Nina B. Glover|consectetuer.adipiscing.elit@Crassed.edu|KSV12BYA9UL|Feb 5, 2018
Raphael T. Lester|vestibulum@Etiamgravida.com|ECD95VRD4QX|Dec 5, 2017
MacKenzie U. Snow|mauris.rhoncus@et.co.uk|ZIB91SJA8WV|Jul 10, 2018
Brandon Z. Cox|Donec@egettincidunt.edu|YVD54SQN5AW|Aug 14, 2017
Alvin U. Phelps|eu.accumsan.sed@risusQuisquelibero.co.uk|YTY74ZPJ8EC|May 9, 2018
Lenore I. Vinson|adipiscing@pedeCras.ca|VKM76AMX6PG|Mar 16, 2018
Vernon X. Waller|aliquam@erosnonenim.ca|JOQ16PPT1EH|Mar 24, 2018
Ferris X. Wagner|netus.et@ettristique.com|MWP40JUY7NY|Mar 21, 2018
Devin M. Mcmahon|eget.metus.In@ipsumleoelementum.edu|PTP78COL3NI|Feb 2, 2019
Hu A. Hodges|penatibus.et@turpisegestas.ca|DWY63XVO9UL|Apr 21, 2017
Kylee Z. Snow|In.ornare@eleifendCrassed.ca|DXO76XDR8TN|Sep 15, 2017
Uta I. Hull|Quisque@Integeraliquamadipiscing.org|FLZ90LUX8XD|Jul 11, 2017
George U. Holman|nunc.sed.libero@nonhendreritid.edu|HID89KBC1IE|Jul 9, 2017
Nero K. Guerra|placerat.Cras@etmagna.ca|JGG43BKG5DF|Aug 1, 2017
Dillon P. Foley|pellentesque@erosProin.org|NJH84VSR9JP|Feb 5, 2018
Quamar G. Albert|fermentum.risus@velfaucibus.ca|QPS57TYA5SI|Jan 26, 2019
Veda K. Peterson|vel@tellusimperdiet.co.uk|JDI23QMN8VX|Feb 3, 2018
Ali Z. Webb|vel.venenatis@ultricesVivamusrhoncus.org|QVZ31RCV8RU|Mar 6, 2017
Irma H. Knox|elit.Curabitur.sed@lacusEtiam.co.uk|ZAV51LDS8HE|Apr 3, 2017
Roanna S. Ellis|tincidunt.pede@Maurisutquam.org|QIA99GER6MY|Nov 11, 2017
Hunter W. Miller|ullamcorper@aliquetodioEtiam.org|GJX88VJZ0GS|Aug 6, 2018
Ignacia J. Hunter|eu.nibh.vulputate@sapienimperdietornare.net|OPQ99KLX9JF|May 16, 2017
Shay D. Bowman|sem@nequeMorbiquis.net|KEE60BIG5CC|Jun 25, 2017
